Content,Category
Shama Sikander Oozes Oomph As She Takes Dip In Pool In A Monokini - PICS,Bollywood
Latest SBI vs HDFC vs PNB vs ICICI Bank's Home Loan Rates 2023 Compared; Check,Finance
LIVE Updates | IND Vs AUS 1st T20I Live: Suryakumar Says THIS On WC Heartbreak,Sports
How Can Pollution Harm Maternal And Child’s Health? Doctor Explains,Environment
BIG TWIST: Sam Altman To Return To OpenAI As CEO; ChatGPT Maker Confirms On X,Technology
Who Is McGahey? Who Became 1st Transgender To Feature In Cricket - In Pics,Sports
"SRK, Taapsee's Song Lutt Putt Gaya From Dunki Will Make You Dance Your Heart",Bollywood
Effects Of Excessive Screen Time On Kidney Health - Doctor Explains,Politics
Bihar CM Kumar Demands Rs 2.5 Lakh Cr From Centre For Freebies? BJP Reacts,Politics
10 Unique Trees And Plant Species Found Exclusively In India,Environment
4 Soldiers Killed In Encounter With Terrorists In J&K's Rajouri,Crime
Uttarkashi Tunnel: Rescuers Very Close To Trapped Workers; Watch This Report,
"India Tried To Assassinate Khalistani Terrorist Pannun, Says US; MEA Responds",Politics
"Children’s Heart Link, USA inks MoU with Sri Sathya Sai Sanjeevani Hospital.",Healthcare
Ranbir Kapoor-Starrer Animal Releases With Vicky's 'Sam Bahadur' - Read Here,Bollywood
"Salman's Tiger 3 Becomes All-Time Biggest Diwali Hit, Beats Hrithik's Krissh 3",Bollywood
"SRK, Taapsee's Song Lutt Putt Gaya From Dunki Will Make You Dance Your Heart",Bollywood
"Tara Sutaria Shot Her First Killing Scene For Apurva In One Go, Check Out",Bollywood
"Kartik, KJo End Feud, Announce Collaboration After Dostana 2 Fallout",Bollywood
Suriya-Starrer 'Kanguva' To Release In 38 Language - Deets Inside,Bollywood
Suryakumar's Press Conference Surprise With Only Two Journalists In Attendance,Sports
Devdutt Padikkal's Surprise Move To Lucknow Super Giants Ahead Of IPL 2024,Sports
Rohit Sharma's Future In White-Ball Cricket In Question: Report,Sports
LIVE Updates | IND Vs AUS 1st T20I Live: Suryakumar Says THIS On WC Heartbreak,Sports
"IND vs AUS T20 Series: Live Streaming, Schedule, Venues, Timings, Squads",Sports
What Will Be Age Of Star Indian Players In Cricket World Cup 2027? In Pics,Sports
Sara Tendulkar Takes Stand Against Fake Accounts And Deepfakes,Sports
Marsh Says World Cup Final Hero Travis Head May Miss 1st T20I Vs India,Sports
Messi Takes Team Off The Field After Argentina Fans Attacked By Police; WATCH,Sports
"Ronaldo Vs Messi Once More: Inter Miami To Face Al-Nassr, Check Details Here",Sports
EXPLAINED: Can India Still Qualify For FIFA World Cup 2026 After Loss Vs QAT?,Sports
WATCH: All 3 Goals Qatar Scored Vs India In FIFA World Cup 2026 Qualifier,Sports
"Haaland, Vini Jr, Son, Gavi And More: Top Footballers Injured During International Break",Sports
"Did You Know: Chhetri, Ronaldo, Messi Are Among Top Goal-Scorers Of All Time",Sports
Tata Power Establishes Electric Car Charging Stations On Chd-Shimla Highway,Finance
"Air India Flouts CAR Norms, Aviation Watchdog ‘DGCA’ Slaps Rs 10 Lakh Fine",Finance
A Look At How AI & IoT Have Transformed Public Transportation In India,Technology
"Volkswagen Taigun, Virtus Sound Edition Launched In India: Check Details",Technology
Hyundai Launches Samarth Campaign; Fostering Inclusivity For Specially-Abled,Technology
"Toyota To Set Up New Plant In Karnataka With Investment Of Rs 3,300 Crores",Technology
"OpenAI Launches ‘Chat With Voice’ Feature, Free For All ChatGPT Users",Technology
How A Man Lost Rs 5 lakh While Trying To Get Rs 100 Refund From Uber,Technology
Will Sam Altman Return As OpenAI CEO? Suspense Continues After His Sacking,Technology
Nothing Chats Beta App Removed From Google Play Store Over Privacy Concerns,Technology
Mangaluru Victim Loses Rs 25 Lakh In Fake Trading's Mirage,Technology
Watch: SpaceX Launches 'Most Powerful Rocket' Starship Successfully,Technology
10 Tips to Keep the Spark Alive in Your Marriage,Technology
10 Historical Facts About Khatu Shyam Mandir In Rajasthan,History
10 Historical Facts About Khatu Shyam Mandir In Rajasthan,History
Shama Sikander Oozes Oomph As She Takes Dip In Pool In A Monokini - PICS,Bollywood
AR Rahman Showers Love On Ektaa Kapoor For Emmy Directorate Award Win,
10 Guru Nanak Dev's Birthday Cake Ideas,
Gaganyaan's Test Today; Know When And Where To Watch Live Streaming,
"ISRO To Conduct Crucial Test For Gaganyaan On Saturday, Check Details",
"India To Have Its Own Space Station, S Somanath Reveals ISRO's Mega Plan",
"Nobel Prize 2023 In Chemistry Goes To Bawendi, Brus, Ekimov; Here's Why",
How Can Pollution Harm Maternal And Child’s Health? Doctor Explains,
"Poor Nutrition Can Spur Risk Of Anxiety, Depression, And Diabetes: Study",
Effects Of Excessive Screen Time On Kidney Health - Doctor Explains,
"Lung Cancer Risk In Children: Impact Of Air Pollution, Tips To Keep Kids Safe",
SBI PO Prelims 2023 Result Released At sbi.co.in- Direct Link Here,
NTA SWAYAM July 2023 Exam City Slip Released At swayam.nta.ac.in- Details Here,
Haryana HSSC Group D Result 2023 To Be DECLARED Soon- Steps To Check Scores,
Delhi Nursery Admissions 2024 Registration Begins Tomorrow- Check Details Here,
10 Highest Paid CEOs Of USA In 2022,
From 'X-Men' To 'Xeets': Twitter's New 'X' Avatar Triggers Hilarious Memes,
26/11 Terror Attack: World Jewish Congress joins Indian govt to mourn victims,
"Bangladesh SHOCKER: Married man beheads lover, cuts body into three pieces",
Ranbir Kapoor-Starrer Animal Releases With Vicky's 'Sam Bahadur' - Read Here,
"Salman's Tiger 3 Becomes All-Time Biggest Diwali Hit, Beats Hrithik's Krissh 3",
"SRK, Taapsee's Song Lutt Putt Gaya From Dunki Will Make You Dance Your Heart",
"Tara Sutaria Shot Her First Killing Scene For Apurva In One Go, Check Out",
Messi Takes Team Off The Field After Argentina Fans Attacked By Police; WATCH,
"Ronaldo Vs Messi Once More: Inter Miami To Face Al-Nassr, Check Details Here",
EXPLAINED: Can India Still Qualify For FIFA World Cup 2026 After Loss Vs QAT?,
WATCH: All 3 Goals Qatar Scored Vs India In FIFA World Cup 2026 Qualifier,
